stamp,status,failure_kind,recipe,batch,coord,coord_value,case_id,wrapper_case_id,last_step,total_steps,last_val_step,last_val_loss,best_val_loss,num_val_points,matrix_lr_mult,precond_lr_mult,matrix_beta1_om_mult,matrix_beta2_om_mult,shampoo_beta_om_mult,aux_lr_mult,aux_beta1_om_mult,aux_beta2_om_mult,aux_cooldown_frac,matrix_wd_peak,aux_wd_peak,wd_warmup_frac,base_lr_scale,hidden_cooldown_frac,hardware_family,cluster_name,queue_name,gpuv,container_image,runtime_device_type,runtime_node_spec,runtime_node_vendor,runtime_rdma_bigpod,runtime_rdma_minipod,runtime_rdma_switch,runtime_cuda_driver,runtime_cuda_toolkit,runtime_host_primary,runtime_host_ipv6,code_package_id,seed,data_id,batch_size,train_steps,job_run_id,trial_id,job_name,log_source
pretraining_psgdh_pcd_1m_r1_confirm_20260828_1320,PENDING,,psgdh_core,1m,center,center,0000_psgdh_core_1m_center_1,packed_manifest,,,,,,0,1,1,1,1,1,1,1,1,0.5,0,0,0,1,1,H20,soil-wlby,nvidia-h20.hpccluster-yecd0gve6pioxhtqvap6.ai,NVIDIA_H20,hub.byted.org/reckon/data.reckon.mlx.image_11319:50545093b9947634c8247599da45c75e,,,,,,,,,,,,1,hdfs://haruna/home/byte_data_seed/hdd_hldy/user/xingyu.dang/modded-nanogpt/data/fineweb10B,1048576,1625,52e6d040008eed59,405384518,m14.2-pretraining-psgdh-pcd-1m-20260828_1320:0000_psgdh_core_1m_center_1,none
pretraining_psgdh_pcd_1m_r1_confirm_20260828_1320,DONE,,psgdh_core,1m,matrix_lr,0.5,0001_psgdh_core_1m_matrix_lr_0p5,packed_manifest,1625,1625,1625,3.34891,3.34891,14,0.5,1,1,1,1,1,1,1,0.5,0,0,0,1,1,H20,soil-wlby,nvidia-h20.hpccluster-yecd0gve6pioxhtqvap6.ai,NVIDIA_H20,hub.byted.org/reckon/data.reckon.mlx.image_11319:50545093b9947634c8247599da45c75e,,,,,,,,,,,,1,hdfs://haruna/home/byte_data_seed/hdd_hldy/user/xingyu.dang/modded-nanogpt/data/fineweb10B,1048576,1625,52e6d040008eed59,405384518,m14.2-pretraining-psgdh-pcd-1m-20260828_1320:0001_psgdh_core_1m_matrix_lr_0p5,run_dir
pretraining_psgdh_pcd_1m_r1_confirm_20260828_1320,FAILED,incomplete_artifact,psgdh_core,1m,matrix_lr,0.707106781187,0002_psgdh_core_1m_matrix_lr_0p707106781187,packed_manifest,0,1625,0,10.98973,10.98973,1,0.707106781187,1,1,1,1,1,1,1,0.5,0,0,0,1,1,H20,soil-wlby,nvidia-h20.hpccluster-yecd0gve6pioxhtqvap6.ai,NVIDIA_H20,hub.byted.org/reckon/data.reckon.mlx.image_11319:50545093b9947634c8247599da45c75e,,,,,,,,,,,,1,hdfs://haruna/home/byte_data_seed/hdd_hldy/user/xingyu.dang/modded-nanogpt/data/fineweb10B,1048576,1625,52e6d040008eed59,405384518,m14.2-pretraining-psgdh-pcd-1m-20260828_1320:0002_psgdh_core_1m_matrix_lr_0p707106781187,run_dir
pretraining_psgdh_pcd_1m_r1_confirm_20260828_1320,FAILED,python_error,psgdh_core,1m,matrix_lr,1.41421356237,0003_psgdh_core_1m_matrix_lr_1p41421356237,packed_manifest,375,1625,375,3.94673,3.94673,4,1.41421356237,1,1,1,1,1,1,1,0.5,0,0,0,1,1,H20,soil-wlby,nvidia-h20.hpccluster-yecd0gve6pioxhtqvap6.ai,NVIDIA_H20,hub.byted.org/reckon/data.reckon.mlx.image_11319:50545093b9947634c8247599da45c75e,,,,,,,,,,,,1,hdfs://haruna/home/byte_data_seed/hdd_hldy/user/xingyu.dang/modded-nanogpt/data/fineweb10B,1048576,1625,52e6d040008eed59,405384518,m14.2-pretraining-psgdh-pcd-1m-20260828_1320:0003_psgdh_core_1m_matrix_lr_1p41421356237,run_dir
pretraining_psgdh_pcd_1m_r1_confirm_20260828_1320,DONE,,psgdh_core,1m,matrix_lr,2,0004_psgdh_core_1m_matrix_lr_2,packed_manifest,1625,1625,1625,3.34533,3.34533,14,2,1,1,1,1,1,1,1,0.5,0,0,0,1,1,H20,soil-wlby,nvidia-h20.hpccluster-yecd0gve6pioxhtqvap6.ai,NVIDIA_H20,hub.byted.org/reckon/data.reckon.mlx.image_11319:50545093b9947634c8247599da45c75e,,,,,,,,,,,,1,hdfs://haruna/home/byte_data_seed/hdd_hldy/user/xingyu.dang/modded-nanogpt/data/fineweb10B,1048576,1625,52e6d040008eed59,405384518,m14.2-pretraining-psgdh-pcd-1m-20260828_1320:0004_psgdh_core_1m_matrix_lr_2,run_dir
pretraining_psgdh_pcd_1m_r1_confirm_20260828_1320,DONE,,psgdh_core,1m,precond_lr,0.5,0005_psgdh_core_1m_precond_lr_0p5,packed_manifest,1625,1625,1625,3.3146,3.3146,14,1,0.5,1,1,1,1,1,1,0.5,0,0,0,1,1,H20,soil-wlby,nvidia-h20.hpccluster-yecd0gve6pioxhtqvap6.ai,NVIDIA_H20,hub.byted.org/reckon/data.reckon.mlx.image_11319:50545093b9947634c8247599da45c75e,,,,,,,,,,,,1,hdfs://haruna/home/byte_data_seed/hdd_hldy/user/xingyu.dang/modded-nanogpt/data/fineweb10B,1048576,1625,52e6d040008eed59,405384518,m14.2-pretraining-psgdh-pcd-1m-20260828_1320:0005_psgdh_core_1m_precond_lr_0p5,run_dir
pretraining_psgdh_pcd_1m_r1_confirm_20260828_1320,DONE,,psgdh_core,1m,precond_lr,0.707106781187,0006_psgdh_core_1m_precond_lr_0p707106781187,packed_manifest,1625,1625,1625,3.31013,3.31013,14,1,0.707106781187,1,1,1,1,1,1,0.5,0,0,0,1,1,H20,soil-wlby,nvidia-h20.hpccluster-yecd0gve6pioxhtqvap6.ai,NVIDIA_H20,hub.byted.org/reckon/data.reckon.mlx.image_11319:50545093b9947634c8247599da45c75e,,,,,,,,,,,,1,hdfs://haruna/home/byte_data_seed/hdd_hldy/user/xingyu.dang/modded-nanogpt/data/fineweb10B,1048576,1625,52e6d040008eed59,405384518,m14.2-pretraining-psgdh-pcd-1m-20260828_1320:0006_psgdh_core_1m_precond_lr_0p707106781187,run_dir
pretraining_psgdh_pcd_1m_r1_confirm_20260828_1320,DONE,,psgdh_core,1m,precond_lr,1.41421356237,0007_psgdh_core_1m_precond_lr_1p41421356237,packed_manifest,1625,1625,1625,3.30595,3.30595,14,1,1.41421356237,1,1,1,1,1,1,0.5,0,0,0,1,1,H20,soil-wlby,nvidia-h20.hpccluster-yecd0gve6pioxhtqvap6.ai,NVIDIA_H20,hub.byted.org/reckon/data.reckon.mlx.image_11319:50545093b9947634c8247599da45c75e,,,,,,,,,,,,1,hdfs://haruna/home/byte_data_seed/hdd_hldy/user/xingyu.dang/modded-nanogpt/data/fineweb10B,1048576,1625,52e6d040008eed59,405384518,m14.2-pretraining-psgdh-pcd-1m-20260828_1320:0007_psgdh_core_1m_precond_lr_1p41421356237,run_dir
pretraining_psgdh_pcd_1m_r1_confirm_20260828_1320,DONE,,psgdh_core,1m,precond_lr,2,0008_psgdh_core_1m_precond_lr_2,packed_manifest,1625,1625,1625,3.30824,3.30824,14,1,2,1,1,1,1,1,1,0.5,0,0,0,1,1,H20,soil-wlby,nvidia-h20.hpccluster-yecd0gve6pioxhtqvap6.ai,NVIDIA_H20,hub.byted.org/reckon/data.reckon.mlx.image_11319:50545093b9947634c8247599da45c75e,,,,,,,,,,,,1,hdfs://haruna/home/byte_data_seed/hdd_hldy/user/xingyu.dang/modded-nanogpt/data/fineweb10B,1048576,1625,52e6d040008eed59,405384518,m14.2-pretraining-psgdh-pcd-1m-20260828_1320:0008_psgdh_core_1m_precond_lr_2,run_dir
pretraining_psgdh_pcd_1m_r1_confirm_20260828_1320,DONE,,psgdh_core,1m,matrix_beta1_om,0.5,0009_psgdh_core_1m_matrix_beta1_om_0p5,packed_manifest,1625,1625,1625,3.31972,3.31972,14,1,1,0.5,1,1,1,1,1,0.5,0,0,0,1,1,H20,soil-wlby,nvidia-h20.hpccluster-yecd0gve6pioxhtqvap6.ai,NVIDIA_H20,hub.byted.org/reckon/data.reckon.mlx.image_11319:50545093b9947634c8247599da45c75e,,,,,,,,,,,,1,hdfs://haruna/home/byte_data_seed/hdd_hldy/user/xingyu.dang/modded-nanogpt/data/fineweb10B,1048576,1625,52e6d040008eed59,405384518,m14.2-pretraining-psgdh-pcd-1m-20260828_1320:0009_psgdh_core_1m_matrix_beta1_om_0p5,run_dir
pretraining_psgdh_pcd_1m_r1_confirm_20260828_1320,DONE,,psgdh_core,1m,matrix_beta1_om,0.707106781187,0010_psgdh_core_1m_matrix_beta1_om_0p707106781187,packed_manifest,1625,1625,1625,3.30914,3.30914,14,1,1,0.707106781187,1,1,1,1,1,0.5,0,0,0,1,1,H20,soil-wlby,nvidia-h20.hpccluster-yecd0gve6pioxhtqvap6.ai,NVIDIA_H20,hub.byted.org/reckon/data.reckon.mlx.image_11319:50545093b9947634c8247599da45c75e,,,,,,,,,,,,1,hdfs://haruna/home/byte_data_seed/hdd_hldy/user/xingyu.dang/modded-nanogpt/data/fineweb10B,1048576,1625,52e6d040008eed59,405384518,m14.2-pretraining-psgdh-pcd-1m-20260828_1320:0010_psgdh_core_1m_matrix_beta1_om_0p707106781187,run_dir
pretraining_psgdh_pcd_1m_r1_confirm_20260828_1320,DONE,,psgdh_core,1m,matrix_beta1_om,1.41421356237,0011_psgdh_core_1m_matrix_beta1_om_1p41421356237,packed_manifest,1625,1625,1625,3.30599,3.30599,14,1,1,1.41421356237,1,1,1,1,1,0.5,0,0,0,1,1,H20,soil-wlby,nvidia-h20.hpccluster-yecd0gve6pioxhtqvap6.ai,NVIDIA_H20,hub.byted.org/reckon/data.reckon.mlx.image_11319:50545093b9947634c8247599da45c75e,,,,,,,,,,,,1,hdfs://haruna/home/byte_data_seed/hdd_hldy/user/xingyu.dang/modded-nanogpt/data/fineweb10B,1048576,1625,52e6d040008eed59,405384518,m14.2-pretraining-psgdh-pcd-1m-20260828_1320:0011_psgdh_core_1m_matrix_beta1_om_1p41421356237,run_dir
pretraining_psgdh_pcd_1m_r1_confirm_20260828_1320,DONE,,psgdh_core,1m,matrix_beta1_om,2,0012_psgdh_core_1m_matrix_beta1_om_2,packed_manifest,1625,1625,1625,3.31059,3.31059,14,1,1,2,1,1,1,1,1,0.5,0,0,0,1,1,H20,soil-wlby,nvidia-h20.hpccluster-yecd0gve6pioxhtqvap6.ai,NVIDIA_H20,hub.byted.org/reckon/data.reckon.mlx.image_11319:50545093b9947634c8247599da45c75e,,,,,,,,,,,,1,hdfs://haruna/home/byte_data_seed/hdd_hldy/user/xingyu.dang/modded-nanogpt/data/fineweb10B,1048576,1625,52e6d040008eed59,405384518,m14.2-pretraining-psgdh-pcd-1m-20260828_1320:0012_psgdh_core_1m_matrix_beta1_om_2,run_dir
pretraining_psgdh_pcd_1m_r1_confirm_20260828_1320,DONE,,psgdh_core,1m,aux_lr_global,0.5,0013_psgdh_core_1m_aux_lr_global_0p5,packed_manifest,1625,1625,1625,3.323,3.323,14,1,1,1,1,1,0.5,1,1,0.5,0,0,0,1,1,H20,soil-wlby,nvidia-h20.hpccluster-yecd0gve6pioxhtqvap6.ai,NVIDIA_H20,hub.byted.org/reckon/data.reckon.mlx.image_11319:50545093b9947634c8247599da45c75e,,,,,,,,,,,,1,hdfs://haruna/home/byte_data_seed/hdd_hldy/user/xingyu.dang/modded-nanogpt/data/fineweb10B,1048576,1625,52e6d040008eed59,405384518,m14.2-pretraining-psgdh-pcd-1m-20260828_1320:0013_psgdh_core_1m_aux_lr_global_0p5,run_dir
pretraining_psgdh_pcd_1m_r1_confirm_20260828_1320,DONE,,psgdh_core,1m,aux_lr_global,0.707106781187,0014_psgdh_core_1m_aux_lr_global_0p707106781187,packed_manifest,1625,1625,1625,3.31267,3.31267,14,1,1,1,1,1,0.707106781187,1,1,0.5,0,0,0,1,1,H20,soil-wlby,nvidia-h20.hpccluster-yecd0gve6pioxhtqvap6.ai,NVIDIA_H20,hub.byted.org/reckon/data.reckon.mlx.image_11319:50545093b9947634c8247599da45c75e,,,,,,,,,,,,1,hdfs://haruna/home/byte_data_seed/hdd_hldy/user/xingyu.dang/modded-nanogpt/data/fineweb10B,1048576,1625,52e6d040008eed59,405384518,m14.2-pretraining-psgdh-pcd-1m-20260828_1320:0014_psgdh_core_1m_aux_lr_global_0p707106781187,run_dir
pretraining_psgdh_pcd_1m_r1_confirm_20260828_1320,DONE,,psgdh_core,1m,aux_lr_global,1.41421356237,0015_psgdh_core_1m_aux_lr_global_1p41421356237,packed_manifest,1625,1625,1625,3.305,3.305,14,1,1,1,1,1,1.41421356237,1,1,0.5,0,0,0,1,1,H20,soil-wlby,nvidia-h20.hpccluster-yecd0gve6pioxhtqvap6.ai,NVIDIA_H20,hub.byted.org/reckon/data.reckon.mlx.image_11319:50545093b9947634c8247599da45c75e,,,,,,,,,,,,1,hdfs://haruna/home/byte_data_seed/hdd_hldy/user/xingyu.dang/modded-nanogpt/data/fineweb10B,1048576,1625,52e6d040008eed59,405384518,m14.2-pretraining-psgdh-pcd-1m-20260828_1320:0015_psgdh_core_1m_aux_lr_global_1p41421356237,run_dir
pretraining_psgdh_pcd_1m_r1_confirm_20260828_1320,PENDING,,psgdh_core,1m,aux_lr_global,2,0016_psgdh_core_1m_aux_lr_global_2,packed_manifest,,,,,,0,1,1,1,1,1,2,1,1,0.5,0,0,0,1,1,H20,soil-wlby,nvidia-h20.hpccluster-yecd0gve6pioxhtqvap6.ai,NVIDIA_H20,hub.byted.org/reckon/data.reckon.mlx.image_11319:50545093b9947634c8247599da45c75e,,,,,,,,,,,,1,hdfs://haruna/home/byte_data_seed/hdd_hldy/user/xingyu.dang/modded-nanogpt/data/fineweb10B,1048576,1625,52e6d040008eed59,405384518,m14.2-pretraining-psgdh-pcd-1m-20260828_1320:0016_psgdh_core_1m_aux_lr_global_2,none
pretraining_psgdh_pcd_1m_r1_confirm_20260828_1320,DONE,,psgdh_core,1m,aux_beta1_om,0.5,0017_psgdh_core_1m_aux_beta1_om_0p5,packed_manifest,1625,1625,1625,3.30698,3.30698,14,1,1,1,1,1,1,0.5,1,0.5,0,0,0,1,1,H20,soil-wlby,nvidia-h20.hpccluster-yecd0gve6pioxhtqvap6.ai,NVIDIA_H20,hub.byted.org/reckon/data.reckon.mlx.image_11319:50545093b9947634c8247599da45c75e,,,,,,,,,,,,1,hdfs://haruna/home/byte_data_seed/hdd_hldy/user/xingyu.dang/modded-nanogpt/data/fineweb10B,1048576,1625,52e6d040008eed59,405384518,m14.2-pretraining-psgdh-pcd-1m-20260828_1320:0017_psgdh_core_1m_aux_beta1_om_0p5,run_dir
pretraining_psgdh_pcd_1m_r1_confirm_20260828_1320,PENDING,,psgdh_core,1m,aux_beta1_om,0.707106781187,0018_psgdh_core_1m_aux_beta1_om_0p707106781187,packed_manifest,,,,,,0,1,1,1,1,1,1,0.707106781187,1,0.5,0,0,0,1,1,H20,soil-wlby,nvidia-h20.hpccluster-yecd0gve6pioxhtqvap6.ai,NVIDIA_H20,hub.byted.org/reckon/data.reckon.mlx.image_11319:50545093b9947634c8247599da45c75e,,,,,,,,,,,,1,hdfs://haruna/home/byte_data_seed/hdd_hldy/user/xingyu.dang/modded-nanogpt/data/fineweb10B,1048576,1625,52e6d040008eed59,405384518,m14.2-pretraining-psgdh-pcd-1m-20260828_1320:0018_psgdh_core_1m_aux_beta1_om_0p707106781187,none
pretraining_psgdh_pcd_1m_r1_confirm_20260828_1320,DONE,,psgdh_core,1m,aux_beta1_om,1.41421356237,0019_psgdh_core_1m_aux_beta1_om_1p41421356237,packed_manifest,1625,1625,1625,3.30739,3.30739,14,1,1,1,1,1,1,1.41421356237,1,0.5,0,0,0,1,1,H20,soil-wlby,nvidia-h20.hpccluster-yecd0gve6pioxhtqvap6.ai,NVIDIA_H20,hub.byted.org/reckon/data.reckon.mlx.image_11319:50545093b9947634c8247599da45c75e,,,,,,,,,,,,1,hdfs://haruna/home/byte_data_seed/hdd_hldy/user/xingyu.dang/modded-nanogpt/data/fineweb10B,1048576,1625,52e6d040008eed59,405384518,m14.2-pretraining-psgdh-pcd-1m-20260828_1320:0019_psgdh_core_1m_aux_beta1_om_1p41421356237,run_dir
pretraining_psgdh_pcd_1m_r1_confirm_20260828_1320,DONE,,psgdh_core,1m,aux_beta1_om,2,0020_psgdh_core_1m_aux_beta1_om_2,packed_manifest,1625,1625,1625,3.31228,3.31228,14,1,1,1,1,1,1,2,1,0.5,0,0,0,1,1,H20,soil-wlby,nvidia-h20.hpccluster-yecd0gve6pioxhtqvap6.ai,NVIDIA_H20,hub.byted.org/reckon/data.reckon.mlx.image_11319:50545093b9947634c8247599da45c75e,,,,,,,,,,,,1,hdfs://haruna/home/byte_data_seed/hdd_hldy/user/xingyu.dang/modded-nanogpt/data/fineweb10B,1048576,1625,52e6d040008eed59,405384518,m14.2-pretraining-psgdh-pcd-1m-20260828_1320:0020_psgdh_core_1m_aux_beta1_om_2,run_dir
pretraining_psgdh_pcd_1m_r1_confirm_20260828_1320,FAILED,incomplete_artifact,psgdh_core,1m,aux_beta2_om,0.5,0021_psgdh_core_1m_aux_beta2_om_0p5,packed_manifest,0,1625,0,10.98973,10.98973,1,1,1,1,1,1,1,1,0.5,0.5,0,0,0,1,1,H20,soil-wlby,nvidia-h20.hpccluster-yecd0gve6pioxhtqvap6.ai,NVIDIA_H20,hub.byted.org/reckon/data.reckon.mlx.image_11319:50545093b9947634c8247599da45c75e,,,,,,,,,,,,1,hdfs://haruna/home/byte_data_seed/hdd_hldy/user/xingyu.dang/modded-nanogpt/data/fineweb10B,1048576,1625,52e6d040008eed59,405384518,m14.2-pretraining-psgdh-pcd-1m-20260828_1320:0021_psgdh_core_1m_aux_beta2_om_0p5,run_dir
pretraining_psgdh_pcd_1m_r1_confirm_20260828_1320,PENDING,,psgdh_core,1m,aux_beta2_om,0.707106781187,0022_psgdh_core_1m_aux_beta2_om_0p707106781187,packed_manifest,,,,,,0,1,1,1,1,1,1,1,0.707106781187,0.5,0,0,0,1,1,H20,soil-wlby,nvidia-h20.hpccluster-yecd0gve6pioxhtqvap6.ai,NVIDIA_H20,hub.byted.org/reckon/data.reckon.mlx.image_11319:50545093b9947634c8247599da45c75e,,,,,,,,,,,,1,hdfs://haruna/home/byte_data_seed/hdd_hldy/user/xingyu.dang/modded-nanogpt/data/fineweb10B,1048576,1625,52e6d040008eed59,405384518,m14.2-pretraining-psgdh-pcd-1m-20260828_1320:0022_psgdh_core_1m_aux_beta2_om_0p707106781187,none
pretraining_psgdh_pcd_1m_r1_confirm_20260828_1320,DONE,,psgdh_core,1m,aux_beta2_om,1.41421356237,0023_psgdh_core_1m_aux_beta2_om_1p41421356237,packed_manifest,1625,1625,1625,3.30635,3.30635,14,1,1,1,1,1,1,1,1.41421356237,0.5,0,0,0,1,1,H20,soil-wlby,nvidia-h20.hpccluster-yecd0gve6pioxhtqvap6.ai,NVIDIA_H20,hub.byted.org/reckon/data.reckon.mlx.image_11319:50545093b9947634c8247599da45c75e,,,,,,,,,,,,1,hdfs://haruna/home/byte_data_seed/hdd_hldy/user/xingyu.dang/modded-nanogpt/data/fineweb10B,1048576,1625,52e6d040008eed59,405384518,m14.2-pretraining-psgdh-pcd-1m-20260828_1320:0023_psgdh_core_1m_aux_beta2_om_1p41421356237,run_dir
pretraining_psgdh_pcd_1m_r1_confirm_20260828_1320,FAILED,python_error,psgdh_core,1m,aux_beta2_om,2,0024_psgdh_core_1m_aux_beta2_om_2,packed_manifest,0,1625,0,10.98973,10.98973,1,1,1,1,1,1,1,1,2,0.5,0,0,0,1,1,H20,soil-wlby,nvidia-h20.hpccluster-yecd0gve6pioxhtqvap6.ai,NVIDIA_H20,hub.byted.org/reckon/data.reckon.mlx.image_11319:50545093b9947634c8247599da45c75e,,,,,,,,,,,,1,hdfs://haruna/home/byte_data_seed/hdd_hldy/user/xingyu.dang/modded-nanogpt/data/fineweb10B,1048576,1625,52e6d040008eed59,405384518,m14.2-pretraining-psgdh-pcd-1m-20260828_1320:0024_psgdh_core_1m_aux_beta2_om_2,run_dir
pretraining_psgdh_pcd_1m_r1_confirm_20260828_1320,PENDING,,psgdh_core,1m,aux_cooldown_frac,0,0025_psgdh_core_1m_aux_cooldown_frac_0,packed_manifest,,,,,,0,1,1,1,1,1,1,1,1,0,0,0,0,1,1,H20,soil-wlby,nvidia-h20.hpccluster-yecd0gve6pioxhtqvap6.ai,NVIDIA_H20,hub.byted.org/reckon/data.reckon.mlx.image_11319:50545093b9947634c8247599da45c75e,,,,,,,,,,,,1,hdfs://haruna/home/byte_data_seed/hdd_hldy/user/xingyu.dang/modded-nanogpt/data/fineweb10B,1048576,1625,52e6d040008eed59,405384518,m14.2-pretraining-psgdh-pcd-1m-20260828_1320:0025_psgdh_core_1m_aux_cooldown_frac_0,none
pretraining_psgdh_pcd_1m_r1_confirm_20260828_1320,FAILED,python_error,psgdh_core,1m,aux_cooldown_frac,0.2,0026_psgdh_core_1m_aux_cooldown_frac_0p2,packed_manifest,0,1625,0,10.98973,10.98973,1,1,1,1,1,1,1,1,1,0.2,0,0,0,1,1,H20,soil-wlby,nvidia-h20.hpccluster-yecd0gve6pioxhtqvap6.ai,NVIDIA_H20,hub.byted.org/reckon/data.reckon.mlx.image_11319:50545093b9947634c8247599da45c75e,,,,,,,,,,,,1,hdfs://haruna/home/byte_data_seed/hdd_hldy/user/xingyu.dang/modded-nanogpt/data/fineweb10B,1048576,1625,52e6d040008eed59,405384518,m14.2-pretraining-psgdh-pcd-1m-20260828_1320:0026_psgdh_core_1m_aux_cooldown_frac_0p2,run_dir
pretraining_psgdh_pcd_1m_r1_confirm_20260828_1320,PENDING,,psgdh_core,1m,aux_cooldown_frac,0.4,0027_psgdh_core_1m_aux_cooldown_frac_0p4,packed_manifest,,,,,,0,1,1,1,1,1,1,1,1,0.4,0,0,0,1,1,H20,soil-wlby,nvidia-h20.hpccluster-yecd0gve6pioxhtqvap6.ai,NVIDIA_H20,hub.byted.org/reckon/data.reckon.mlx.image_11319:50545093b9947634c8247599da45c75e,,,,,,,,,,,,1,hdfs://haruna/home/byte_data_seed/hdd_hldy/user/xingyu.dang/modded-nanogpt/data/fineweb10B,1048576,1625,52e6d040008eed59,405384518,m14.2-pretraining-psgdh-pcd-1m-20260828_1320:0027_psgdh_core_1m_aux_cooldown_frac_0p4,none
pretraining_psgdh_pcd_1m_r1_confirm_20260828_1320,PENDING,,psgdh_core,1m,aux_cooldown_frac,0.6,0028_psgdh_core_1m_aux_cooldown_frac_0p6,packed_manifest,,,,,,0,1,1,1,1,1,1,1,1,0.6,0,0,0,1,1,H20,soil-wlby,nvidia-h20.hpccluster-yecd0gve6pioxhtqvap6.ai,NVIDIA_H20,hub.byted.org/reckon/data.reckon.mlx.image_11319:50545093b9947634c8247599da45c75e,,,,,,,,,,,,1,hdfs://haruna/home/byte_data_seed/hdd_hldy/user/xingyu.dang/modded-nanogpt/data/fineweb10B,1048576,1625,52e6d040008eed59,405384518,m14.2-pretraining-psgdh-pcd-1m-20260828_1320:0028_psgdh_core_1m_aux_cooldown_frac_0p6,none
pretraining_psgdh_pcd_1m_r1_confirm_20260828_1320,PENDING,,psgdh_core,1m,aux_cooldown_frac,0.8,0029_psgdh_core_1m_aux_cooldown_frac_0p8,packed_manifest,,,,,,0,1,1,1,1,1,1,1,1,0.8,0,0,0,1,1,H20,soil-wlby,nvidia-h20.hpccluster-yecd0gve6pioxhtqvap6.ai,NVIDIA_H20,hub.byted.org/reckon/data.reckon.mlx.image_11319:50545093b9947634c8247599da45c75e,,,,,,,,,,,,1,hdfs://haruna/home/byte_data_seed/hdd_hldy/user/xingyu.dang/modded-nanogpt/data/fineweb10B,1048576,1625,52e6d040008eed59,405384518,m14.2-pretraining-psgdh-pcd-1m-20260828_1320:0029_psgdh_core_1m_aux_cooldown_frac_0p8,none
pretraining_psgdh_pcd_1m_r1_confirm_20260828_1320,FAILED,python_error,psgdh_core,1m,matrix_cooldown_frac,0.6,0030_psgdh_core_1m_matrix_cooldown_frac_0p6,packed_manifest,375,1625,375,3.92495,3.92495,4,1,1,1,1,1,1,1,1,0.5,0,0,0,1,0.6,H20,soil-wlby,nvidia-h20.hpccluster-yecd0gve6pioxhtqvap6.ai,NVIDIA_H20,hub.byted.org/reckon/data.reckon.mlx.image_11319:50545093b9947634c8247599da45c75e,,,,,,,,,,,,1,hdfs://haruna/home/byte_data_seed/hdd_hldy/user/xingyu.dang/modded-nanogpt/data/fineweb10B,1048576,1625,52e6d040008eed59,405384518,m14.2-pretraining-psgdh-pcd-1m-20260828_1320:0030_psgdh_core_1m_matrix_cooldown_frac_0p6,run_dir
pretraining_psgdh_pcd_1m_r1_confirm_20260828_1320,PENDING,,psgdh_core,1m,matrix_cooldown_frac,0.8,0031_psgdh_core_1m_matrix_cooldown_frac_0p8,packed_manifest,,,,,,0,1,1,1,1,1,1,1,1,0.5,0,0,0,1,0.8,H20,soil-wlby,nvidia-h20.hpccluster-yecd0gve6pioxhtqvap6.ai,NVIDIA_H20,hub.byted.org/reckon/data.reckon.mlx.image_11319:50545093b9947634c8247599da45c75e,,,,,,,,,,,,1,hdfs://haruna/home/byte_data_seed/hdd_hldy/user/xingyu.dang/modded-nanogpt/data/fineweb10B,1048576,1625,52e6d040008eed59,405384518,m14.2-pretraining-psgdh-pcd-1m-20260828_1320:0031_psgdh_core_1m_matrix_cooldown_frac_0p8,none
